CustomerID,CustomerName,Phone Number
123,George Wilkins,+88 7901916018
131,April Mccoy,+1 8994457272
223,Barbara Gutierrez,+17 9451746743
248,Kurt Boyd,+42 2014807906
551,Christine Dixon,+18 5272705603
653,Kristin Parker,+49 9983509984
745,Mitchell Lopez,+85 3323759749
825,Jennifer Willis,+42 4200935629
992,Brett Weaver,+86 3675536990
1021,Shelly Woodard,+88 4204547925
1208,James Curtis,+62 181390597
1233,Ashley Nguyen,+83 4037340253
1331,Mrs. Nicole Warren,+47 5807839515
1353,William Knight,+19 1803410380
1437,Tina Walker,+53 8371249010
1803,Daniel Green,+5 3183236549
2056,Tyler Smith,+99 349089890
2091,Matthew Hill,+62 1854473791
2118,Patrick Ross,+95 1504104815
2165,Rachel Donaldson,+92 8779017546
2304,Beth Douglas,+49 4518326382
2478,Samuel Wolfe,+5 846529539
2679,Katherine Love,+33 1718981610
2821,Ariana Rodriguez,+24 9455308604
2869,Ruben Caldwell,+76 392377142
3007,Jonathan Garcia,+31 843777483
3215,Andrea Singleton,+12 6468868204
3512,Jacqueline Yoder,+79 6783651637
3588,Martin Mcclure,+87 8998923463
3689,Krista Neal,+4 7952057047
4103,Jillian Green,+60 6585365434
4108,Brianna Peterson,+10 4457125219
4373,Priscilla Baird,+83 6853888275
4425,Jason Hamilton,+36 5293868386
4449,Amanda Beard,+58 5715833868
4692,Jacqueline Tucker,+60 5459829270
4709,Norma Allen,+3 2385928096
4735,Emily Kerr,+66 9463034502
4785,Nancy Branch,+45 2463305136
4888,Patricia Baldwin,+44 8723073176
4912,Nathan Bennett,+4 8986167936
4960,Jennifer Lamb,+44 7939380886
4985,Michelle Bennett,+74 2588445164
5078,Alexis Compton,+55 8931198704
5106,John Watson,+47 8971440210
5341,Kristi Lee,+90 5266451291
5395,Kari Gardner,+86 5787186675
5495,Laura Padilla,+63 3516920943
5528,Diana Yates,+52 8582784326
5590,Megan Fuentes,+49 8238807580
5704,Natalie Church,+75 1046354380
5717,Christopher Hubbard,+26 1817711970
5782,Andrew Edwards,+35 4924662661
5849,Stephen Bell,+15 3302146098
6119,Heather Cook,+50 6704722112
6513,William Paul,+6 1461437554
6714,Bob Soto,+22 7675328093
6737,Justin Roberts,+79 4810275204
6751,Jennifer Shepherd,+54 3000089026
6913,Joshua Mcdonald,+75 6854751899
6928,Jillian Jones,+91 5321467792
7030,Christina Hunter,+25 8659493082
7059,Austin Johnson,+2 1865986060
7154,Michael Holland,+27 2889834369
7250,Paul Noble,+87 2710631449
7357,Pamela Bryant,+4 1667977589
7391,Ian Navarro,+75 3187439295
7623,Robin Bowers,+93 1854802836
7631,Mary Bell,+66 3011913110
7653,Katie Miranda,+69 5544142
7670,Deborah Hoffman,+77 2098931359
7721,Abigail Garcia,+83 5323881519
8051,John Jenkins,+92 600020754
8093,Cheyenne Casey,+82 525245829
8234,Francis Nguyen,+29 413367337
8291,Amanda Figueroa,+52 8860575694
8462,Brandon Jones,+86 8950482140
8516,Keith Weiss,+56 1067042194
8537,Kelly Garcia,+85 3642920961
8608,Mark Wilson,+56 3838165276
8888,Stephanie Ortiz,+96 4685199810
9141,Daniel Ramirez,+21 8686322262
9159,Heather Moran,+70 6201247586
9276,Erica Miller,+9 9542487402
9508,Chelsea Cox DVM,+17 9635742585
9710,Kelly Diaz,+14 5421659002
9742,Gregory White,+48 9988306199
9813,Jessica Marquez,+56 9869418259
9912,Alexis Becker,+12 2557487202
9950,Jay Campbell,+73 1614206629
10072,Amanda Barnes,+83 6175265726
10109,Edwin Woods,+21 6087156853
10232,Kristina Gill,+74 935210030
10509,Raven Meyer DDS,+29 9087604704
10557,Christopher Hart,+12 4451125298
10709,Patricia Berger,+26 9711045519
10787,Shari Decker,+15 1753454056
10794,Renee Sanchez,+35 6793461328
10799,Ariel Davis,+54 8992617179
10826,Mary Martin,+68 4529466350
10880,Ashley Green,+49 7441707423
11208,Jonathan Bradley,+33 6312949759
11248,Jacob Johnson,+89 8616153337
11294,David Smith,+38 9828374004
11477,Xavier Salinas,+97 541601922
11586,Dr. Abigail Davis MD,+64 6474043293
11663,Michael Baker,+53 8587252727
11696,Nicholas Glass,+93 689054246
11774,Gary Reese,+73 3229802911
11999,Brenda Miller,+10 1020029267
12005,Matthew Rose,+82 6332081663
12193,John Holmes,+69 987775291
12294,Aaron Lamb,+65 2130474942
12301,Daniel Hill,+87 3160901798
12376,Terry Schwartz,+37 2767875024
12554,Trevor Hill,+61 6184742491
12598,Wayne Cox,+93 2803755248
12611,Mia Key,+96 5149815348
12695,Jennifer Hall,+95 5588647912
12719,Holly Powell,+46 714765915
12730,Leslie Bean,+81 5164828708
12768,Andrew Stewart,+75 2227843699
12814,Evan Bright,+51 6202781351
13185,Larry Richards,+5 297685036
13539,Michael Fischer,+78 3465214599
13565,Joseph Howe,+76 6974452472
13596,Tyler Owens,+87 6266885545
13700,David Brandt,+50 7023892101
13741,Jesus Chambers,+48 8316163806
13753,Kaitlyn Marshall,+88 3372527146
13822,Amanda Carr,+28 1960272188
13890,Tony Lee,+12 8383560785
13893,Carlos Steele,+98 2700346536
14046,Laura Moore,+60 1807964126
14195,Linda Reyes,+90 4709659145
14269,Emma Turner,+31 3636104196
14319,Anthony Orozco,+36 2846357989
14403,Aaron Frazier,+43 1362764435
14483,Eric Davis,+2 6784321387
14578,Sabrina Williams,+80 6577036783
14644,Joseph Anderson,+97 3841374872
14772,Sonya Farmer,+95 9528184828
15168,Michele Contreras,+68 6948986643
15234,Kimberly Williams,+65 5865608315
15262,Carolyn Valentine,+84 6164481402
15272,Javier Case,+40 4333948289
15384,Mary Kent,+41 6456167827
15400,Mary Harrison,+65 9897195799
15405,Adam Stewart,+79 2186181016
15483,Jessica White,+47 6418142744
15487,Michael Hill,+71 7735768112
15548,Diane Atkins,+18 4806125729
15649,Debra Clark,+80 5189597227
15987,Matthew Townsend,+57 2525226236
16214,Annette Murray,+30 5462464438
16259,Spencer Mullen,+96 7240753928
16318,Brian Wade,+86 371168366
16376,David Harrell,+49 7492749123
16603,Nicole Harding,+35 8626806352
16704,Patricia Dyer,+8 9648573808
16748,Nicole Thomas,+69 7742727837
16769,Christopher Myers,+28 8189187310
16806,Ana Mcdonald,+91 546431534
16942,Mark Garrett,+7 130981319
17008,Jose Gibson,+46 4145553355
17266,Thomas Morgan,+68 1434020476
17347,Amanda Sanders,+27 1553162379
17372,Rebecca Johnson,+20 8502026498
17576,Jessica Silva,+65 2243130291
17746,Mark Wells,+19 5130576393
17803,Juan Matthews,+45 3556733302
18001,Shelly Johnson,+89 1525907300
18026,Nicholas Medina,+89 3728021192
18106,Jose Campbell MD,+8 7750021280
18155,Trevor Reed,+21 5741805572
18194,Tina Smith,+55 5262825963
18281,Mary Cunningham,+15 9153832073
18289,Barbara Morales,+15 2919135762
18458,Taylor Carlson,+59 1411444673
18531,Kara Young,+62 8579119336
18552,Casey Rivera,+93 409202178
18571,Jesse Lee,+19 5456056192
18651,Marie Scott,+71 9123898867
18795,Jason Phelps,+6 6509398713
18944,Robert Wilson,+87 3908506001
18945,Shannon Wong,+13 6067470365
19001,Hector Dean,+87 5199565852
19041,Christopher Reynolds,+59 6862250038
19103,Benjamin Carr,+94 5855405530
19243,Jason Hale,+76 8746144423
19317,Shannon Tapia,+59 4680038663
19394,Rebecca Hart,+10 8539920005
19532,Tina Bush,+39 2977635122
19535,Donna Smith,+73 8547412820
19571,Todd Moore,+81 741999435
19709,Joseph Ray III,+56 351704231
19749,Sandra Brown,+96 6814760632
19847,Blake Whitaker,+33 9750695787
19869,Mark Lin,+71 9458240852
19941,Angela Gomez,+73 9053165709
19948,Dakota Green,+91 9435316803
19955,Erica Wu,+88 4504340829
19966,Brittany Robinson,+39 6354769183
20120,Colin Nguyen,+31 9533733293
20227,Raymond Cantrell,+56 8716369413
20276,Vincent Green,+33 6652006636
20334,Mr. John Hall,+94 7337631773
20356,Nicole Garcia,+94 1088239734
20378,Gary Velez,+85 2013366398
20441,Manuel Arnold,+74 4919591479
20589,Linda Blair,+60 6958987940
20597,Jonathan Brown,+21 2801035852
20600,Kimberly Coleman,+5 6974770569
20612,Corey Snow,+41 8550446853
20736,Paul Bowers,+81 9110188289
20914,Ashley Garcia,+80 5018681320
20929,Savannah Dunn,+13 8051886147
21395,Frances Gonzalez,+41 6192462453
21521,Jasmine Roth,+8 5777266119
21534,Michael Schwartz,+95 7043715382
21539,Vanessa Navarro,+28 4836666466
21704,Lisa Levy,+57 9426412180
21775,John Pearson,+78 1109554530
21880,Amanda Coleman,+1 3836085050
22035,Tina Gomez,+11 9739529875
22074,Heather Cook,+17 1196929129
22105,Rachel Jones,+2 4428698573
22171,Andrea White MD,+1 1115823781
22220,Tony Morris,+63 7186376006
22269,Paul Simpson,+1 4315994333
22327,Katie Graham,+94 5830082753
22369,James Ruiz,+76 2059238867
22425,Seth Reed,+22 9504539896
22517,Christopher Lucas,+39 9251887042
22548,Jeff Carr,+44 9013939932
22744,Justin Morris,+97 4093124715
22809,Robert Ward,+77 4615208969
22846,Mr. Benjamin Washington,+82 1641728046
22856,Scott Lawson,+87 6148403602
23018,Diana Hull,+12 6732589744
23031,Douglas Harrison,+71 9733208492
23104,Allison Smith,+2 3429547709
23333,Victoria Jones,+87 8541173390
23607,Melissa Young,+32 8266433
23695,Chad Pierce,+95 6161670878
23746,Walter Nguyen,+81 6208999666
23803,Anna Spencer,+77 7324300601
23837,Vickie Smith,+76 119000032
23874,Paul Wang,+44 3349922464
23924,Shannon Rodriguez,+85 7270688285
23989,Michael Daniels,+76 204304084
24010,Mr. James Williams,+19 7733092416
24096,Richard Wells,+42 1467410686
24129,Russell Marshall,+22 7451689385
24186,Kevin Strong,+16 4778268171
24294,David Mcdonald,+51 8275471189
24423,Jamie Parker,+79 3097949425
24477,Dylan James,+14 7128607774
24586,Philip Sims,+40 1595328792
24713,Diane Burns,+85 5986782778
24747,Melissa Avery,+48 4257956374
24749,Olivia Carrillo,+27 3877348395
24820,David Wong,+15 1741451142
24894,Angel Simon,+50 2999467795
24980,Leah Williams,+75 819686926
25128,Adam Lara,+87 9801594521
25194,Jordan Woodward,+8 7458738050
25248,Rebecca Johnson,+45 6361016017
25408,Elaine Griffith,+38 9806627266
25463,Ryan Wells,+40 9682987141
25500,Ian Willis,+30 5835508442
25527,Mark Perkins,+81 5543818589
25546,Zachary Hamilton,+45 1818323098
25567,Sara Underwood,+10 6388638152
25953,Angela Cohen,+28 3881494316
26033,Christine Powell,+19 2503118718
26149,Elizabeth Jones MD,+63 9855084383
26319,Jasmine Taylor,+28 9251689021
26400,Kyle Johnson,+96 7546369509
26487,Kimberly Meza,+9 9713061014
26546,Miranda Villarreal,+38 2360999260
27026,Kristina Fisher,+3 900383385
27062,Amanda Smith,+64 705249002
27283,Alyssa Adams,+43 8498124568
27504,Andrew Potter,+67 4760310345
27653,Michele Wilson,+99 1785106640
27823,Justin Washington,+27 464223119
27873,Daniel Ortiz,+82 21907131
27990,Mrs. Pamela Wright,+40 5560828985
28139,Ashley Obrien,+97 740247725
28193,Alexandra Foster,+27 3921757643
28206,Lori Moore,+35 3451999539
28296,Cory Bishop,+87 8836815427
28329,Kayla Nelson,+57 5620315466
28470,Mr. Timothy Price,+89 5343981646
28615,Thomas Greene,+41 1309142841
28701,Randy Goodman,+65 1670758655
28816,Jerry Ayers,+6 1837068479
28898,Jason Mathis,+46 9211150998
28905,Jasmine Thompson,+71 900055009
28935,Melissa Davenport,+63 3422541278
29049,Thomas Bell,+23 7235443205
29089,Christopher Alvarez,+48 1705896137
29161,Mrs. Angelica Ho,+48 4352338643
29244,Michael Lopez,+53 674937049
29283,Robert Harris,+4 6411382282
29346,Brandon Foley,+24 2798870054
29570,Shari Morgan,+49 8408138116
29657,Joseph Keller,+48 5032378326
29791,Randall Hill,+93 5602226298
29796,Allison Nichols,+82 9011340651
29846,Brian Peters,+85 8515958895
29904,Whitney Salazar,+49 6374902536
30045,Nicole Johnson,+59 2243267038
30108,Terry Adams,+14 1440017021
30382,Christopher Perez,+45 2712046838
30495,Joseph Thomas,+78 8581623288
30539,Wendy Hill,+72 5660804181
30591,Sean Martinez,+56 1328622850
30608,Carol Gardner,+92 7083525886
30620,Gary Murphy,+80 9627839036
30827,Diana Meadows,+90 91370257
30851,David Bennett,+73 909285377
30877,Alexandra Taylor,+11 8483055603
30920,John Martin,+44 8156019176
30964,Michael Nguyen MD,+17 5696082242
31186,Chad Medina,+19 499022042
31402,David Carter,+23 1263296710
31448,Lori Ryan,+98 3315971959
31484,Michelle Hernandez,+95 6739109541
31737,Leslie Howell,+48 7458138849
31785,Dr. Bonnie Miller,+88 6042617541
31794,Gina Valdez,+1 539776671
31838,James Yoder,+3 620045709
31894,Glen Diaz,+2 8524589190
31904,Emily Mason,+2 3858224181
31941,Mr. Robert Oneill,+14 504323372
31976,Angie Wilson,+73 4743911337
32068,Ashley Callahan,+49 2388305341
32355,Joseph James,+4 5299609260
32566,John Willis,+47 6921737371
32601,Patrick Horton,+91 5583338990
32726,James Fields,+96 2212106625
32783,Joseph Walker,+24 5358463838
32981,Gregory Gonzalez,+23 8486502703
33007,Todd Parker,+12 6213858953
33037,Diane Pitts,+77 128456892
33076,Jenny West,+90 1620570952
33166,Jim Lee,+98 8188829555
33200,Joseph Little,+69 9764756475
33309,Justin Cook,+30 76391755
33528,Joseph Thompson,+68 2831418969
33529,Joseph Oconnor,+76 5697602772
33546,Brandon Robinson,+65 1254843284
33629,Richard Jones,+17 9863195189
33653,Angela Carter,+80 5330815050
33686,Elizabeth Cox,+81 1190246550
33923,Grant West,+88 1772476959
34001,Patrick Ferrell,+87 2903968844
34033,Matthew Castillo,+92 2770838001
34319,Deanna Jackson,+44 51109517
34469,Sandra Anderson,+94 446946642
34562,Oscar Allen,+7 5807440705
34600,Blake Jones,+98 8922853189
34602,Julia Gill,+57 5393202941
34613,Kimberly Cisneros,+39 6498262813
34907,Derek Gardner,+76 1599687970
34909,Michael French,+42 6677330943
35095,Hannah Patton,+13 4060624660
35153,Heather Rasmussen,+55 6817124356
35337,Ashley Dean,+79 6213719025
35381,Taylor Harvey,+25 6039196675
35492,Kylie Osborne,+99 3036471205
35573,Laura Hutchinson,+19 1620990716
35648,Lance Logan,+5 270344331
35659,Kimberly Johnson,+71 7599887151
35674,Andrea Greene,+82 1293553616
35726,Leslie Dawson,+48 9381634491
35727,Andre Trujillo,+23 2315723913
35737,Sharon Berry,+94 9826688092
35775,Douglas Morris,+58 3371455112
35846,Daniel Evans,+57 8808394783
35973,Steven Santos,+30 260420130
35993,Christopher Taylor,+84 5159582631
36327,John Jimenez,+76 2631136793
36338,Susan Ramos,+74 1770012649
36348,Travis Cantrell,+84 3264831936
36394,Anthony Lee,+73 9420880114
36754,Vanessa Davis,+28 5916679540
37134,Rebecca Chan,+25 645097982
37202,Jeremy Nelson,+66 9278792067
37208,Elizabeth Phillips,+21 9216148344
37348,Christine Liu,+96 922211844
37406,Nancy Robbins,+83 5556951434
37492,Brian Chen,+69 709638622
37579,Austin Good,+88 1029474162
37921,Christine Christian,+92 2827879599
37945,John Hoffman,+62 679032847
38727,Matthew Vega,+33 4672536152
38982,James Goodman,+80 7212870433
39087,Brooke Young,+58 2646136788
39115,Logan Hall,+73 7542314437
39198,James Ramos,+68 7592336642
39374,John Downs,+77 2492531037
39460,Rhonda Hunter,+13 1727836499
39644,Mark Ramirez,+48 8290997830
39696,Ashley Palmer,+7 2868551598
39799,Emily Conner,+75 4704789084
39829,Ricardo Hendrix,+72 327788402
39831,Evan Hall,+88 5778414088
40285,Christine Cunningham,+59 4981287697
40296,Peter Lee,+42 6710697212
40346,Craig Thompson,+96 1418060589
40423,Jose Smith,+67 6984740463
40477,Catherine Holland,+93 1377289647
40479,Matthew Beasley,+78 3147921554
40600,Jeffrey Stone MD,+19 7146918245
40661,Jessica Harris,+21 4129398398
40853,Latoya Rivera,+31 4626400611
40929,Samantha Burns,+15 6669558346
41069,Regina Rios,+1 5300209711
41215,John Hampton,+68 2219484082
41243,Margaret Bridges,+42 207450741
41319,Mr. Randall Howard,+85 7117313035
41326,Manuel Carpenter,+30 1127693088
41349,Andrew Lambert,+18 1652847215
41400,Mandy Merritt,+93 4825136789
41412,Aaron Chavez,+95 7704435791
41433,Dr. Gabrielle Collins,+48 4842012504
41487,Mrs. Amy Lambert,+22 8481241304
41504,Mike Harvey,+37 8432427555
41642,Maurice Terry,+81 5470785071
41722,Kathryn Hunter,+97 5065957428
41948,Kelly Carpenter,+71 3622445659
41963,Kathryn Gross,+26 6288612923
41968,Rebecca Smith,+95 5774390431
41995,David Taylor,+13 276587899
42093,Denise Stevens,+71 6103548668
42335,Donald Rowe,+10 3680461139
42351,Abigail Nelson,+60 4037501746
42366,Michael Ross,+43 1503818340
42740,Nicole Stone,+26 4072668116
42781,Alison Hamilton,+96 8947427127
42809,Sean Howard,+53 5595838237
43232,John Smith,+27 2398235881
43248,Jennifer Matthews,+12 8090462271
43351,Sarah Rivera,+21 8765124212
43376,Laura Gutierrez,+42 8381360925
43393,Dominique Moore,+66 6678863468
43427,Anthony Sims,+97 6196719016
43435,Cindy Franklin,+77 3374119915
43477,Travis Dorsey,+5 5118429150
43585,Thomas Melendez,+58 9583254118
43610,Sylvia Moore,+19 8223537281
43662,Corey Gonzalez DDS,+55 4949295064
43787,Amber Mills,+74 3535724605
43858,Craig Pruitt,+2 5396798697
44009,Ronald Long,+33 3233645058
44097,Ryan Pena,+97 4330682292
44571,Dakota Patterson,+56 2980434138
44616,Nicole Wilson,+56 512583586
44903,Dale White,+84 3458941214
45167,Brittany Pierce,+3 7711872957
45200,Michael Bailey,+45 2763605457
45240,Lauren Daniel,+27 663089252
45293,Candice Berger,+74 6941380248
45370,Jeff Montes,+43 6473839241
45495,Kelly Robbins,+55 4660111835
45563,Dylan Zavala II,+24 9465597690
45615,Robert Barr,+26 3335112935
45847,Stephanie Malone,+34 7220282272
45874,Dana Howell,+94 985934125
46218,Brandi Brown,+13 7741135237
46221,Daniel Molina MD,+21 9464924928
46426,Deborah Wolf,+46 573037375
46506,Paige Garcia,+15 1166731525
46708,Shelby White,+52 7565602346
46818,Lauren Miller,+70 8929342783
46971,Katie Wells,+30 5586699275
47037,Mary Pham,+69 2593342007
47559,Valerie Thomas,+21 4538606669
47615,Emily Lynn,+23 4886980126
47713,Judith Coleman,+33 9348281541
47807,Geoffrey Houston IV,+87 9213027780
48023,Ms. Lisa Coleman,+99 6834834245
48081,Reginald Wade,+80 9442128860
48318,Adam Lewis,+71 1119649326
48436,Rebekah Larson,+8 6192637651
48562,Lisa Austin,+93 6942011465
48872,Nicole Pacheco,+96 5961812900
48904,Curtis Dawson,+50 6093382340
48969,Angela Hernandez,+78 8429032272
48978,David Russell,+2 1754486035
49018,Jill Williams,+2 3980858475
49179,Brian Jones,+84 6389763102
49407,Steven Brandt,+4 1637343963
49419,Rachel Taylor,+43 47884234
49657,William Leblanc,+95 1597421808
49789,Brandon Garner,+35 8715040119
49842,Christine Torres,+97 6571497328
50006,John Johnson,+22 7834526307
50099,Scott Frank,+32 3920771721
50151,Austin Rodriguez,+12 8134748977
50334,Morgan Johnson,+14 388507508
50400,Debra Shields,+41 2231747021
50531,Lucas Moyer,+57 5647481845
50561,Richard Salazar,+62 6344013525
50562,Rebecca Cox,+40 2060454029
50614,Karen Anderson,+83 4569291236
50691,Charles Harris,+22 258867987
50801,Grant Deleon Jr.,+47 9320743720
50873,Samantha Davis,+42 5891855174
50938,Angela Todd MD,+69 4291433898
51006,Mackenzie Smith,+8 4680236022
51037,James Griffin,+65 8713921925
51063,Lindsay Taylor,+23 7185478918
51302,Brandon Thomas,+62 371676120
51487,Julie Moore,+21 854756888
51548,Mr. Timothy Wilson,+60 8756691608
51798,Warren Jones,+16 240374872
51859,Karen Cooper,+2 3918682214
51977,Diamond Armstrong,+84 4537408671
51997,Collin Jenkins,+96 2197358902
52020,James Collins,+58 1277609507
52058,Ethan Hicks,+19 9132345198
52182,Joseph Cunningham,+36 9457748159
52194,Elizabeth Wood,+53 3368453717
52239,Kathryn Sanders,+91 2892593354
52301,Christopher Mcpherson,+84 7492373242
52356,Dr. Christopher Watts,+89 4537180349
52405,Daniel Johnson,+75 6254893099
52527,Jessica Garrison,+29 4763492257
52627,David Bell,+9 3784428001
52769,Gary Tyler,+99 4639740226
52977,Anthony Obrien,+44 2300004426
53004,Angela Thomas,+58 2890468731
53017,Denise Mcpherson,+35 8278351326
53208,Cheryl Matthews,+61 711234093
53311,James Holmes,+70 1009540537
53617,Regina Marquez,+6 4453601126
53642,Jennifer Hood,+16 5501416211
53684,Suzanne Patterson,+91 7636720261
53699,Sean Henderson,+69 7457625485
53899,Julie Zamora,+40 7134110257
53901,Jean Valdez,+73 9923999436
53930,Alexis Williams,+59 1383199194
53976,Stephanie Freeman,+68 4365992889
54059,Michael Melendez,+13 3956604000
54068,Jamie Macdonald,+97 1555349466
54183,Ralph Bell,+71 7034598088
54450,Michael Franklin,+96 7789988677
54473,David Thomas,+95 8552844247
54500,Alyssa White,+91 9623733833
54660,Clinton Rhodes,+75 7862354276
54663,Brittany Lopez,+48 7348937252
54707,Stephanie Baker DVM,+30 7856628096
54743,Megan Lee,+97 4879147971
54975,Samantha Haynes DVM,+22 1324769646
55056,Nicole Montgomery,+81 8630587469
55105,Justin Black,+68 3664595679
55177,Adam Ramirez,+28 2945859681
55274,Daniel Mckay,+90 8411035799
55310,Anne Salinas,+45 2689475666
55395,Matthew Armstrong,+80 6105489371
55549,Thomas Carter,+44 8208403526
55585,Jonathan Anderson,+91 2224714174
55683,Jamie Hernandez,+54 7752965884
55756,Dr. Melanie Bell,+3 8992990015
55857,Nicholas Mooney Jr.,+36 9653766771
55925,Katrina Taylor,+32 7798409935
56008,Stephanie Riley,+80 2657042122
56259,Virginia Bond,+22 8483173501
56292,David Perez MD,+48 6224895044
56421,Todd Huang,+69 9215860185
56426,Matthew Miller,+27 6256000850
56865,Laura Holder,+86 8295777173
56959,Jennifer Dorsey,+16 6557752462
57019,Aaron Thompson,+52 5182053198
57215,Melissa Tran,+53 6334956425
57233,Tammy Thomas,+21 1700722607
57253,Brianna Snyder,+68 9012657445
57349,Kayla Mason,+96 2209710502
57672,Tammy White,+59 7212125179
57854,Nicholas Berry,+15 9741083120
57876,Leslie Greene,+51 1336215260
58045,Peter Sweeney,+13 697261871
58075,Denise Davis,+49 9233365652
58215,Thomas Webster,+39 7987308124
58404,Heather Harris,+71 4766048072
58493,Steven Stanton,+98 594079972
58820,Kimberly Mitchell,+4 3360115781
58870,Leslie Aguilar,+91 6988834422
58873,Laurie Johnston,+80 2683504155
58904,Ronald Smith,+31 3525830931
58982,Andrea Monroe,+97 7717336423
59017,Kelsey Ward,+46 8736863509
59072,Jacob Owens,+93 4405150682
59098,Matthew Yoder,+96 8527298491
59117,Michael King,+81 9806707668
59174,Mary Black,+12 4956793795
59321,Jennifer Shannon,+68 9808332805
59346,Crystal Fischer,+1 6741310256
59420,John Lopez,+39 7338003744
59526,Brandon Owens,+89 2547997622
59614,Jason Rhodes,+81 9105631606
59630,Patricia Matthews,+84 5314123329
59748,Nicholas Green,+46 8986692612
59857,Brian White,+10 3476780428
59918,Rachel Pittman,+76 3223554560
59930,Michelle Contreras,+66 1414454771
59958,Courtney Cooper,+51 9315588054
60271,Penny Sanchez,+59 2723856776
60353,Ronald Mcbride,+85 2021083578
60369,Alejandra Roberts,+4 4612528142
60371,John Banks II,+77 4419120870
60390,Jill Torres,+4 7453590988
60486,Matthew Lewis,+81 562921093
60500,Nicole Bell,+30 7050876804
60539,Eric Douglas,+74 2536270453
60642,Brian Martinez,+84 7948100442
60645,Eddie Hunt,+94 7492564088
60723,Jennifer Cummings,+17 9959788766
60885,Rebecca Smith,+82 889155513
60949,Dawn Neal,+8 6414716580
60975,Kelly Foster,+47 7847714033
61024,Kristin Mendoza,+51 3973357192
61152,Mark Robbins,+3 3777710173
61281,Cole Fritz,+25 7088294862
61362,Stephanie Robbins,+2 9170620079
61416,Kyle Brown,+1 5912530705
61456,Richard Pierce,+78 3588096298
61597,Raymond Price,+1 3919845327
61751,Elaine Morse,+47 5034011895
61787,Amy Patterson,+4 6490927108
62062,Jennifer Williams,+48 2107467741
62577,Alyssa Bowen,+72 6734184869
62684,Regina Lowe,+47 3843893321
63128,David Henry,+40 127821375
63149,Jessica Hunt,+52 3269973600
63419,Tracey Sullivan,+72 9020683842
63432,Karen Dunn,+97 143662273
63441,Alexander Taylor,+44 2234124660
63504,Michael Miller,+71 1759824883
63638,Caitlin Jones,+85 6767187965
63712,Erin Todd,+58 6080071344
63755,Michael Romero,+62 5361896158
63814,Nicole Oneill,+70 6020501141
63864,Ann Michael,+62 8179528916
63871,David Shepherd,+85 6701705509
63900,Timothy Collier,+50 97279601
64131,Eric Rios,+74 9935692235
64135,Robert Williams,+31 8203309862
64595,Misty Patel,+14 5390086126
64681,Nancy May,+77 2470541532
64709,Robin Anderson,+43 9291129327
64774,Ann Walker,+65 742410393
64776,Pamela Bryant,+38 7331485078
64829,Marie Swanson,+78 1250573037
64914,Gregory Huang,+58 6110980434
64929,Samuel Parsons,+96 7745346799
64992,Linda Gutierrez,+2 3732177444
64999,Melissa Flores,+12 4137682809
65068,Penny Stevens,+73 5540516743
65220,Antonio Jordan,+94 3600414474
65349,Kenneth Newman,+59 723831824
65466,Brenda Reynolds,+13 9406378470
65484,Jason Moore,+91 6865229311
65592,Julia Townsend,+86 8121362813
65692,David Morgan,+38 5444514229
65713,Amber Allen,+24 7587993469
65908,Daniel Rich,+56 3392965870
65949,Joshua Hughes,+81 6196387616
66011,Pamela George,+72 8228625420
66169,Robert Johnson,+60 5052140166
66170,Christina Castillo,+32 9612754129
66364,Ashley Knight,+29 4567743688
66505,Lydia Olson,+57 8333321591
66976,Christy Fernandez,+34 270358276
66979,Johnny Reed,+48 1864414949
66981,Jeremiah Ho,+52 971740326
66983,Gary Crane,+89 4063700712
67020,Stephanie Newton,+59 5309984062
67052,Amy Bryan,+24 5684531702
67154,Jay Henry,+68 5466517417
67172,Carlos Owen,+61 4446428691
67238,Lauren Richard,+56 7652236037
67271,Daniel Cunningham,+89 3512750006
67379,Amanda Smith,+47 9598070335
67452,Nathan Macias V,+70 3200592653
67482,Sherri Thompson,+93 8021575131
67658,Carolyn Ingram,+63 86493140
67679,Breanna Banks,+25 4730263410
67708,Danielle Smith,+92 6144200025
67748,Kimberly Barry,+71 174919587
67806,Amanda Blair,+32 6240497492
67876,Brandy English,+42 5497333204
67912,Ronald Harris,+52 3884014341
68005,Jeffrey Rowe,+33 5704242174
68032,Kim Young,+84 9106610832
68041,Charlotte Rhodes,+44 5953602832
68103,Kathleen Nguyen,+44 4443310333
68259,Thomas Vasquez,+59 7507827470
68318,Andrew Calderon,+83 8327058384
68511,Mr. Cody Garcia MD,+10 7252922532
69278,Donald Terry,+55 327157021
69438,Deborah Smith,+78 5139977958
69624,Christina King,+40 6994807800
69647,Diana Roberts,+89 2295626654
69676,Tamara Ramirez,+7 138173407
69858,Daniel Arroyo,+38 1714167228
70028,Larry Martin,+15 910159190
70094,Tyler Clark,+68 6861271208
70141,Lauren Arnold,+52 168825939
70207,Kathy Newton,+30 3210310775
70304,Mary Mills,+22 4763557555
70345,Mark Mclean,+44 5501277617
70557,Lisa Alvarado,+76 5191071743
70735,Marie Jackson,+14 2088690079
70800,Sharon Foley,+77 2433435972
70804,Mark Wagner,+51 6105894321
70947,Austin West,+43 9927045509
71098,Colin Strong,+18 4724598987
71151,Robert Lee,+11 9721802052
71181,Bobby Sanchez,+86 7786341480
71199,Alan Madden,+69 147315032
71266,Christopher Lindsey,+56 4397305324
71399,Ana Smith,+43 1901210925
71408,Anita Peterson,+13 366932265
71424,Mark Garza,+70 7350970715
71601,Craig Gould,+45 5975780367
71646,Leonard Morton,+47 4966544817
71711,Andrea Edwards,+42 7788665882
71803,Danielle Kidd,+19 2694912617
71837,Keith Smith,+75 234830856
71962,Antonio Flores,+98 3686959921
72221,Susan Mclean,+37 5294894388
72431,Barbara King,+69 503782574
72439,Hunter Wilson,+49 9409582938
72519,Timothy Jones,+22 823503261
72676,Karen Stanley,+25 3944811413
72798,Victoria Stanton,+89 5693679769
72837,Matthew Bautista,+47 5266542199
72899,Courtney Martin,+77 9730155259
72942,Timothy Castillo,+12 2718604377
73206,Kristin Conrad,+18 9315173858
73406,Marvin Kirby,+70 7495027167
73518,Michael Martinez,+95 8804728632
73595,Allison Johnson,+60 4925958016
73634,Hunter Brooks,+92 4384696032
73921,Melissa Carlson,+69 4967756788
73948,Parker Mathis,+89 214674912
73994,Curtis Garner II,+30 9703450975
74121,Brian Rose,+78 8067371363
74284,Brandy Luna,+29 5247066973
74304,Sarah Rodriguez,+42 2008125522
74316,Barbara Adams,+71 6963815586
74410,Karen Preston,+83 4989191743
74429,Jennifer Gutierrez,+78 2330746420
74595,Scott Sanchez,+73 1063919062
74608,Daniel Ward,+64 2404791316
74691,Jennifer Holden,+6 7829312848
75178,Brian Sampson,+55 3395572115
75195,Gary Smith,+47 9952576821
75341,Bobby Joseph,+40 7141652589
75454,Bryan Watkins,+94 7765492530
75455,Timothy Nguyen,+49 3371724484
75611,Joseph Murphy,+64 4794546460
75652,Christopher Ross,+6 5041428721
75687,Manuel Gonzales,+39 2959712014
75925,Abigail Hart,+29 5624612101
76265,Brandon King,+73 1200598489
76275,Kim Robinson,+21 3387084763
76312,Rachael Jones,+31 2628112533
76350,Julia Padilla,+67 4942998666
76579,Jeffrey Snyder,+55 8343455201
76614,Alexis Boyer,+90 4136024202
76649,Heather Massey,+63 9510730336
76681,Patrick Thomas,+85 1260720610
76720,Mark Chan,+80 7681015551
76722,Frank Howard,+55 5380048015
76826,Timothy Levy,+7 1790114386
76886,Daniel Grimes,+6 872001377
76994,Stanley Sanchez,+95 909495996
77005,Kelly Mills,+81 5154149875
77067,James Carey,+3 3267302279
77177,Melissa Roman,+90 2094729968
77208,Charles Powell,+36 4883733011
77254,Valerie Johnson,+52 9474897748
77425,Courtney Miller,+64 4142658800
77504,Dawn Reid,+47 6133712607
77515,Shelly Robinson,+8 5091709006
77622,Catherine Williams,+15 6229289681
77800,Karen Russell,+79 2025431365
77829,Karen Hickman,+71 1324766180
78127,Levi Young,+71 2172196723
78206,James Rodriguez,+90 8858021636
78360,Cody Sanchez,+25 6816654814
78419,Christopher Daniel,+97 1389907940
78439,Kristin Harris,+15 7911019019
78984,Denise Andrews,+59 3512372321
78985,Christopher Lopez,+63 1466449185
79027,Lauren Smith,+75 3340244161
79182,Marissa Beck,+82 4251086706
79236,Jonathan Stone,+7 4507763049
79424,Joann Anderson,+24 820774477
79464,James Romero,+63 5677866890
79770,Amy Schmidt,+66 7101280114
79954,Elizabeth Ritter,+19 7442797471
79980,Susan Winters,+63 4042432035
80009,Erin George,+80 2332127316
80154,Bobby Hall,+90 9613255299
80571,Ronald Clark,+28 6827045513
80630,Kyle Mckenzie,+44 5413559713
80647,Scott Bond,+11 7604094226
80716,Ryan Moore,+96 5002000489
80774,Tyler Welch,+60 8139251162
80881,Diana Mcclure,+97 5913426223
81170,Amanda Saunders,+92 6518546719
81192,Colleen Fleming,+72 9175405125
81196,Bryan Robles Jr.,+92 4290242605
81231,Kim Lewis,+30 4638126042
81236,Scott Kim,+36 3770060345
81315,David Gonzalez,+81 9133916278
81523,Michael Wright,+5 5962459776
81629,Edward Morgan,+54 5428476044
81634,Zachary Pacheco,+63 1840328110
81789,Wayne Wilkins,+4 7850981022
81868,Susan Garcia,+97 2015225852
81900,Ryan Jackson,+27 3638003200
81926,Tara Nelson,+39 3420894288
81947,Carlos Davis,+43 9789624811
82056,Deanna Stephens,+2 4414144543
82120,Andrea Wade,+67 9780164575
82157,Rachel Campbell,+4 9629416774
82233,Adrian Gregory,+82 3014085509
82448,Sherry Webb DDS,+31 5643996024
82522,Henry King,+67 8106983948
82713,Danielle Haney,+57 2097252289
82777,Stephen Hayes,+48 7658321886
82811,Christine Burgess,+82 3603243532
82849,Richard Sanders,+61 6579414425
82898,Travis Frost,+52 7751502244
83032,Thomas Snyder,+90 8605983662
83253,Katie Frazier,+26 2475413520
83294,Anna Goodwin,+63 4322459594
83762,Darrell White,+71 9828027284
83888,Vincent Mckenzie,+29 7715860703
84223,Diane Harris,+33 3115322705
84385,David Taylor,+57 8178160989
84575,Sheryl Brown,+93 1185115343
84607,Frank Mendoza,+52 1828099876
84638,Nicole Gomez,+76 3454596827
84645,Anthony Wilkins,+49 6051842226
84709,Veronica Barnes,+16 8794299338
84790,Mr. Troy Chung,+51 6791675826
84958,Tony Anderson,+35 8304713409
85230,Amber King,+91 9551617847
85472,Patricia Jennings,+75 8678885572
85489,Meredith Stewart,+97 1178740457
85860,Lori Shah,+36 3493087636
85879,Barbara Rodriguez,+83 3099904559
86072,Christopher Cantu,+6 4193131615
86255,Michael Parsons,+15 6120030435
86270,Daniel Bell,+11 8472131099
86320,Tyler Smith,+55 1654718382
86619,Lawrence Ortiz,+69 1514527758
86799,Aaron Webb,+77 5983329392
86925,Sarah Gray,+74 8979809800
86936,Timothy Thomas,+55 6945798456
86946,Gina Smith,+57 2332780998
86968,Jeremy Johnson,+57 4809113276
87001,Luke Wise,+17 4658691135
87058,Anthony West,+52 4417603209
87469,Julie Porter,+23 5524965210
87500,Richard House,+50 56380167
87585,Emily Hanson,+60 4134395452
87620,Theresa King,+91 3778024903
87653,Bailey Collins,+9 8813895812
87703,John Anderson,+9 9160421718
87821,Peter Williams,+75 7918110034
87879,Christina Scott,+60 4434416615
87901,Kristina Gibson,+74 1334423915
88264,Robert Williams,+66 7308559718
88420,Kelsey Lowe,+33 3952070552
88424,Joseph Owens,+57 7291347472
88439,Joshua Jones,+18 1923250378
88448,Vincent Snyder,+55 5650932131
88542,Joanna Washington MD,+73 3416535394
88545,Monica Hernandez,+97 7996490163
88632,Anthony Sloan,+32 3165630456
88994,Brian Adams,+71 9388696740
89048,Jennifer Morrison,+92 2359754235
89229,Gina Wright MD,+1 1867469165
89248,Shannon Garcia,+70 3814024325
89398,Brooke Banks,+55 9623367579
89492,Cynthia Hall,+81 1503669203
89649,Stephanie Lynch,+75 7575924577
90124,Jessica Owens,+65 5167470182
90168,Joseph Shannon,+20 8689667464
90557,Stephanie Graham,+95 7015716508
90837,Steven Nichols,+82 1211542396
90858,Terrance Hale,+90 1963188220
90903,Brooke Tran,+47 4913253927
90948,Kayla Vazquez,+16 9768221520
91006,Paula Davis,+2 2049803404
91098,Anthony Rivera,+14 1274227012
91115,Keith Parker,+52 459400157
91130,Patrick Benjamin,+41 1451890368
91162,Melissa Hale,+1 9335741170
91183,Kristi Keller,+57 6730903606
91191,Daniel Gentry,+2 7213560603
91396,Michael Edwards,+22 6518592497
91539,Manuel Hernandez DVM,+54 7224980567
91639,Samantha Gilmore,+33 123617903
91697,Matthew Bailey,+51 2559679318
91846,Paul Ramsey,+65 343349259
91860,Jessica Edwards,+80 3486801950
91974,John Anderson,+74 6930762661
91977,Kevin Gonzales,+5 2805929537
92090,Pamela Nicholson,+29 1095601659
92122,Cynthia Ford,+96 1769543344
92145,Jessica Foster,+58 602718754
92231,Jessica Foster,+3 9183766056
92439,Gary Lewis,+97 7704552344
92670,Tiffany Bowen,+80 4096279535
93015,Mary Chaney DVM,+84 5298663532
93042,Katherine Washington,+91 4369833428
93281,Edward Bolton,+2 8502285898
93325,Nichole Wilson,+42 2694528656
93435,Sandra Zimmerman,+45 2233934735
93539,Charles Washington,+1 3065592329
93578,Michael Nunez,+78 4665819900
93660,Kimberly Dorsey,+80 1771234983
93845,Gregory Garcia,+56 9938144728
93976,Alicia Camacho,+54 6479869958
94210,Curtis Torres,+67 2726634045
94365,Elizabeth Mendez,+83 9718885392
94413,Jennifer Payne,+54 2197863083
94439,Jessica Underwood,+12 5210847737
94545,David Melendez,+34 9530180763
94585,Kimberly Carlson,+33 8547806237
94717,Jacob Mcclure,+6 5697161848
94927,Jennifer Sullivan,+66 3844710600
94936,Joseph Maldonado,+75 8560196565
95090,Linda Patrick,+73 5604436063
95152,Henry Simpson,+34 2166710887
95255,Dustin Perkins,+20 9217520907
95333,Brian Harper,+42 793524402
95456,Morgan Richardson,+29 7743449150
95501,Adam Holland,+85 2133413037
95589,James Richards,+20 4637607630
95618,Daniel Mason,+81 2154951089
95672,Yesenia Holden,+18 4627179181
96184,Stephen Garcia,+88 7336119555
96249,Elizabeth Ward,+41 3320534168
96338,Mrs. Marilyn Wright DVM,+69 3343751246
96397,Mark Garrett,+55 5333678275
96422,Benjamin Martinez,+47 5229752040
96434,Brian Perry,+9 5231473430
96524,Shawna Miller,+45 5722288713
96629,Donald Matthews PhD,+33 4462913758
96829,Eric Moyer,+21 3332562803
97077,Stephanie Holmes,+68 7931039154
97116,Brian Finley,+51 6099258461
97233,Kyle Orr,+94 3350303211
97260,Rebekah Holmes,+68 7556902928
97278,Frank Luna,+83 5473046566
97441,Seth Thomas,+44 7776957861
97642,Carolyn Sullivan,+61 400933518
97686,Kimberly Baker,+95 436666110
97698,Meagan Johnson,+77 2260468766
97747,Tiffany Patel,+6 6209025927
97881,Melissa King,+3 2732494125
97990,Kimberly Davis,+12 8503389640
98030,Todd Paul,+44 8624167702
98129,Natalie Bell,+43 1124239017
98149,Garrett Bradley,+46 8483362115
98165,Ronald Valdez,+44 8714617542
98390,Amanda Thompson,+94 1038207916
98394,Patricia Williams,+93 8520915497
98395,Karl Hess,+5 1737849350
98412,Joseph Davis,+32 769195772
98547,Catherine Campbell,+60 410937372
98621,Sara Fox,+16 2096900157
98654,Joshua Rollins,+43 9689321598
98796,Jennifer Marshall,+2 1282200160
98878,Autumn Hawkins,+97 9883599058
98994,Gary Green,+79 4098029594
99036,Roy Ball,+89 4016949020
99056,Tracey Walton,+38 40041728
99131,Todd Foster,+39 4711640353
99168,Kelly Baird,+26 9504673088
99184,April Jacobs,+82 7326293126
99329,Nicholas Martinez MD,+56 2667909677
99379,Matthew Padilla,+22 437736036
99481,Michelle Perkins,+7 6544022543
99520,Jasmine Phillips,+7 6468938284
99644,Mr. Dwayne Castillo PhD,+42 1173599634
99819,Tracey Berg,+10 4868422387
99908,Cynthia Curtis,+77 9506112356
