order id,mobileID,sales channels,rating,customer id,CompoundKey
100,7471,Offline,8.0,96584,100_7471
103,7843,Offline,9.0,92027,103_7843
120,6225,Online,2.0,1063,120_6225
123,1121,Online,5.0,54711,123_1121
128,3053,Offline,4.0,93022,128_3053
136,1782,Online,4.0,22497,136_1782
137,5858,Online,10.0,7557,137_5858
151,7655,Offline,10.0,86982,151_7655
153,9414,Offline,NaN,23479,153_9414
159,4565,Offline,3.0,55580,159_4565
161,6188,Online,6.0,73248,161_6188
185,4536,Online,7.0,51974,185_4536
206,3035,Offline,NaN,45969,206_3035
210,8245,Offline,9.0,33195,210_8245
216,5357,Offline,6.0,74678,216_5357
221,6932,Offline,3.0,13066,221_6932
224,5342,Online,6.0,95210,224_5342
230,4290,Online,7.0,72953,230_4290
232,792,Online,9.0,87314,232_792
242,1725,Online,3.0,36729,242_1725
250,2340,Online,NaN,41187,250_2340
259,1912,Online,6.0,9869,259_1912
260,1515,Offline,3.0,41406,260_1515
268,8241,Online,9.0,40983,268_8241
283,8816,Online,5.0,78899,283_8816
285,1296,Online,5.0,50555,285_1296
287,2212,Offline,3.0,11162,287_2212
291,2231,Offline,10.0,85668,291_2231
317,486,Online,4.0,43864,317_486
320,4834,Online,NaN,57134,320_4834
326,2673,Offline,5.0,36416,326_2673
335,6367,Offline,NaN,36183,335_6367
336,3691,Online,4.0,60345,336_3691
349,6860,Offline,3.0,61088,349_6860
350,7064,Offline,2.0,53839,350_7064
354,2190,Offline,9.0,31437,354_2190
356,7715,Offline,8.0,8882,356_7715
365,401,Online,6.0,75672,365_401
366,6843,Offline,9.0,80549,366_6843
392,9433,Online,9.0,1240,392_9433
426,4694,Online,5.0,943,426_4694
435,2968,Offline,7.0,81885,435_2968
449,4652,Online,NaN,62374,449_4652
462,8409,Offline,8.0,94507,462_8409
466,8966,Online,10.0,2775,466_8966
480,433,Online,9.0,97067,480_433
510,1149,Offline,6.0,48149,510_1149
516,6617,Offline,NaN,3087,516_6617
521,1492,Online,6.0,98680,521_1492
524,2722,Online,2.0,41792,524_2722
526,2906,Offline,9.0,59509,526_2906
529,8760,Online,6.0,89424,529_8760
555,146,Offline,7.0,93626,555_146
576,3132,Offline,NaN,78753,576_3132
587,2979,Online,4.0,97407,587_2979
588,3935,Offline,7.0,21417,588_3935
619,4086,Online,5.0,77385,619_4086
620,9159,Online,6.0,17720,620_9159
623,3513,Offline,2.0,51838,623_3513
626,7636,Offline,7.0,37527,626_7636
641,1673,Offline,2.0,33111,641_1673
642,3147,Offline,3.0,78103,642_3147
665,8106,Offline,5.0,92888,665_8106
671,6638,Online,7.0,16567,671_6638
675,8586,Offline,6.0,59410,675_8586
690,4633,Online,10.0,5372,690_4633
693,7509,Online,7.0,5556,693_7509
698,2296,Online,10.0,83878,698_2296
699,7993,Offline,2.0,67498,699_7993
706,5061,Offline,2.0,91022,706_5061
710,6151,Online,10.0,18832,710_6151
722,5183,Offline,2.0,26750,722_5183
737,6759,Online,9.0,85908,737_6759
750,7927,Online,5.0,27279,750_7927
760,5030,Online,3.0,43960,760_5030
761,8201,Online,2.0,16850,761_8201
764,9925,Online,8.0,65327,764_9925
766,5901,Offline,8.0,23196,766_5901
794,8018,Offline,4.0,94821,794_8018
804,8805,Online,9.0,99702,804_8805
805,1516,Offline,10.0,5702,805_1516
830,1974,Offline,3.0,78092,830_1974
843,8771,Online,8.0,74185,843_8771
849,3166,Online,6.0,29991,849_3166
859,8306,Online,5.0,56043,859_8306
865,4926,Offline,9.0,14713,865_4926
867,135,Offline,10.0,71762,867_135
870,8535,Online,NaN,10932,870_8535
884,7033,Offline,9.0,79259,884_7033
886,8634,Offline,3.0,752,886_8634
918,8513,Offline,10.0,57929,918_8513
944,9128,Online,5.0,25074,944_9128
952,3846,Online,6.0,41761,952_3846
974,4859,Offline,5.0,35745,974_4859
985,8093,Offline,9.0,9657,985_8093
1006,2870,Offline,2.0,3058,1006_2870
1009,1739,Online,7.0,32457,1009_1739
1018,4384,Online,4.0,20367,1018_4384
1028,4129,Online,9.0,30178,1028_4129
1034,1796,Online,3.0,27182,1034_1796
1051,5606,Offline,9.0,80727,1051_5606
1054,2644,Online,NaN,43640,1054_2644
1071,6403,Online,8.0,2592,1071_6403
1092,4141,Offline,9.0,72548,1092_4141
1105,2022,Online,7.0,58459,1105_2022
1121,9440,Online,4.0,32521,1121_9440
1134,7384,Offline,5.0,55341,1134_7384
1139,4059,Online,NaN,73860,1139_4059
1140,1297,Offline,10.0,96762,1140_1297
1144,1014,Offline,7.0,86847,1144_1014
1156,4974,Online,3.0,75955,1156_4974
1163,8940,Online,4.0,37718,1163_8940
1166,2263,Online,2.0,10779,1166_2263
1169,6146,Online,6.0,61953,1169_6146
1171,7379,Online,2.0,67543,1171_7379
1182,8958,Offline,7.0,92614,1182_8958
1196,9977,Offline,7.0,10914,1196_9977
1215,1857,Offline,NaN,59651,1215_1857
1216,5609,Offline,NaN,86963,1216_5609
1223,9746,Online,NaN,32207,1223_9746
1224,8311,Online,8.0,39503,1224_8311
1229,852,Online,2.0,22845,1229_852
1233,5125,Offline,3.0,80479,1233_5125
1235,5256,Offline,2.0,84824,1235_5256
1255,2468,Offline,6.0,60451,1255_2468
1260,7920,Offline,6.0,32811,1260_7920
1265,7146,Offline,NaN,12077,1265_7146
1274,1969,Offline,5.0,2174,1274_1969
1282,4220,Online,NaN,21458,1282_4220
1283,3291,Online,6.0,83302,1283_3291
1311,2652,Offline,6.0,43842,1311_2652
1315,7158,Online,8.0,28246,1315_7158
1341,7168,Offline,NaN,47130,1341_7168
1347,1008,Offline,NaN,14856,1347_1008
1365,2323,Offline,5.0,50734,1365_2323
1387,3679,Online,9.0,84890,1387_3679
1392,5553,Offline,NaN,68675,1392_5553
1410,5715,Online,NaN,66889,1410_5715
1411,2472,Offline,4.0,20000,1411_2472
1429,6064,Offline,7.0,86046,1429_6064
1449,8060,Offline,4.0,71603,1449_8060
1462,323,Offline,10.0,28190,1462_323
1495,7543,Online,8.0,30268,1495_7543
1503,976,Offline,10.0,34971,1503_976
1506,7134,Offline,6.0,43127,1506_7134
1518,6872,Offline,2.0,78980,1518_6872
1524,3153,Online,4.0,65720,1524_3153
1525,7190,Online,3.0,47641,1525_7190
1562,5001,Offline,5.0,24937,1562_5001
1566,9647,Online,3.0,81219,1566_9647
1574,1531,Online,3.0,65032,1574_1531
1582,1335,Online,4.0,58713,1582_1335
1604,2998,Online,10.0,56189,1604_2998
1611,9926,Offline,8.0,60674,1611_9926
1613,8679,Online,8.0,13722,1613_8679
1627,6042,Online,6.0,40227,1627_6042
1633,4297,Online,3.0,4630,1633_4297
1636,1705,Offline,2.0,46966,1636_1705
1641,899,Offline,3.0,60116,1641_899
1653,4687,Online,NaN,52240,1653_4687
1667,5831,Offline,6.0,47268,1667_5831
1668,4437,Online,6.0,63256,1668_4437
1676,9825,Offline,6.0,64613,1676_9825
1695,8714,Online,NaN,15421,1695_8714
1697,7539,Online,8.0,35014,1697_7539
1705,3852,Online,9.0,16586,1705_3852
1732,3185,Offline,4.0,16937,1732_3185
1734,7765,Offline,4.0,65904,1734_7765
1736,8778,Offline,NaN,35298,1736_8778
1745,6336,Offline,NaN,97335,1745_6336
1760,4626,Online,2.0,59319,1760_4626
1772,2999,Online,3.0,70853,1772_2999
1774,4306,Online,5.0,39495,1774_4306
1775,2686,Offline,9.0,69014,1775_2686
1779,8058,Offline,2.0,31059,1779_8058
1792,6055,Online,7.0,16370,1792_6055
1826,821,Online,6.0,90373,1826_821
1841,9304,Online,8.0,94501,1841_9304
1852,6170,Online,5.0,40719,1852_6170
1874,2891,Online,2.0,89174,1874_2891
1890,8190,Online,3.0,22001,1890_8190
1891,6099,Offline,4.0,27383,1891_6099
1893,3182,Offline,10.0,65209,1893_3182
1903,2176,Online,2.0,47815,1903_2176
1920,4810,Offline,4.0,59085,1920_4810
1921,9887,Online,8.0,46492,1921_9887
1938,5234,Online,7.0,16208,1938_5234
1946,728,Online,2.0,6143,1946_728
1956,9200,Offline,6.0,75240,1956_9200
1974,7044,Offline,7.0,91469,1974_7044
1990,4790,Online,9.0,31540,1990_4790
1996,6825,Online,7.0,6369,1996_6825
2010,5461,Offline,3.0,98063,2010_5461
2012,1270,Online,10.0,15909,2012_1270
2015,9803,Online,NaN,36140,2015_9803
2020,4922,Online,8.0,72704,2020_4922
2062,5602,Offline,7.0,66627,2062_5602
2068,9104,Online,2.0,60136,2068_9104
2069,1631,Online,6.0,67093,2069_1631
2087,4164,Offline,7.0,59815,2087_4164
2091,9326,Offline,5.0,64737,2091_9326
2113,7916,Offline,10.0,61433,2113_7916
2116,6807,Offline,10.0,43875,2116_6807
2121,2046,Offline,6.0,87155,2121_2046
2126,3626,Offline,NaN,99665,2126_3626
2135,1244,Online,9.0,8064,2135_1244
2143,9768,Online,7.0,13351,2143_9768
2144,9800,Offline,3.0,53270,2144_9800
2166,6149,Online,3.0,81537,2166_6149
2191,1620,Offline,9.0,70922,2191_1620
2193,3472,Online,4.0,65119,2193_3472
2195,8821,Online,9.0,47831,2195_8821
2206,1820,Offline,10.0,480,2206_1820
2212,9589,Online,8.0,91153,2212_9589
2225,6320,Online,4.0,93412,2225_6320
2236,3325,Online,NaN,32469,2236_3325
2238,5097,Online,5.0,74933,2238_5097
2240,7255,Online,2.0,89536,2240_7255
2241,4003,Offline,8.0,67398,2241_4003
2244,3886,Offline,7.0,7306,2244_3886
2273,6982,Offline,5.0,88638,2273_6982
2274,5441,Online,3.0,92648,2274_5441
2297,5790,Online,3.0,60176,2297_5790
2305,8051,Offline,9.0,8964,2305_8051
2326,2567,Offline,8.0,48173,2326_2567
2328,409,Offline,6.0,23252,2328_409
2330,4905,Online,6.0,31278,2330_4905
2343,2005,Online,5.0,90087,2343_2005
2347,4980,Online,NaN,44934,2347_4980
2364,4442,Offline,NaN,21399,2364_4442
2365,9342,Offline,NaN,95697,2365_9342
2373,9137,Offline,NaN,2441,2373_9137
2381,7394,Online,6.0,25077,2381_7394
2389,1649,Offline,3.0,43386,2389_1649
2391,7984,Online,8.0,63834,2391_7984
2396,4156,Online,NaN,71089,2396_4156
2411,9227,Offline,7.0,83082,2411_9227
2413,7043,Online,2.0,96487,2413_7043
2465,6505,Offline,4.0,99435,2465_6505
2468,9853,Online,NaN,56348,2468_9853
2471,3968,Online,NaN,33021,2471_3968
2481,473,Online,5.0,96694,2481_473
2490,5698,Online,5.0,12602,2490_5698
2492,5166,Online,5.0,30670,2492_5166
2494,677,Online,3.0,25352,2494_677
2504,1984,Offline,6.0,34775,2504_1984
2509,891,Online,10.0,10522,2509_891
2524,4199,Online,4.0,92725,2524_4199
2525,1154,Offline,4.0,84970,2525_1154
2527,9231,Offline,7.0,42290,2527_9231
2554,2170,Online,NaN,68328,2554_2170
2556,2066,Offline,NaN,41930,2556_2066
2567,2164,Offline,3.0,35030,2567_2164
2594,4935,Online,7.0,59514,2594_4935
2597,909,Offline,9.0,83763,2597_909
2608,6886,Offline,10.0,5323,2608_6886
2613,1486,Online,6.0,20990,2613_1486
2638,8503,Offline,10.0,48229,2638_8503
2641,1247,Online,8.0,46981,2641_1247
2651,469,Offline,3.0,14716,2651_469
2653,280,Offline,2.0,88263,2653_280
2654,2105,Offline,2.0,48394,2654_2105
2662,8141,Offline,NaN,64187,2662_8141
2684,1618,Online,9.0,6111,2684_1618
2685,4499,Online,4.0,45653,2685_4499
2686,7090,Online,6.0,42413,2686_7090
2689,825,Offline,9.0,25466,2689_825
2693,812,Online,NaN,81387,2693_812
2694,1789,Online,NaN,50773,2694_1789
2704,4533,Online,6.0,17441,2704_4533
2709,5363,Online,NaN,78035,2709_5363
2745,8240,Offline,2.0,1824,2745_8240
2773,1195,Online,10.0,62665,2773_1195
2800,9123,Offline,6.0,8287,2800_9123
2825,8373,Offline,NaN,54609,2825_8373
2827,6408,Offline,9.0,52510,2827_6408
2843,3740,Online,NaN,58311,2843_3740
2881,4596,Online,4.0,34553,2881_4596
2903,8992,Offline,4.0,97123,2903_8992
2904,7065,Offline,NaN,68495,2904_7065
2926,7303,Offline,4.0,52889,2926_7303
2940,4780,Offline,10.0,58709,2940_4780
2952,6481,Online,5.0,71597,2952_6481
2962,6330,Online,2.0,58316,2962_6330
2970,9354,Online,4.0,99866,2970_9354
2978,954,Online,7.0,39535,2978_954
2980,6997,Offline,NaN,12500,2980_6997
2998,7764,Offline,8.0,73774,2998_7764
3009,4756,Offline,NaN,68165,3009_4756
3014,4944,Offline,5.0,34693,3014_4944
3016,6348,Online,9.0,63930,3016_6348
3030,1505,Online,7.0,15081,3030_1505
3032,6742,Online,9.0,30154,3032_6742
3037,7546,Offline,7.0,97730,3037_7546
3065,775,Online,7.0,74676,3065_775
3069,1467,Offline,7.0,63227,3069_1467
3102,5062,Online,10.0,87303,3102_5062
3112,7218,Online,7.0,71167,3112_7218
3120,1408,Offline,8.0,48658,3120_1408
3131,4040,Offline,6.0,70627,3131_4040
3132,1326,Offline,9.0,28071,3132_1326
3138,6531,Online,3.0,12021,3138_6531
3143,3599,Offline,9.0,17652,3143_3599
3147,3644,Online,9.0,10583,3147_3644
3156,9544,Offline,3.0,33193,3156_9544
3163,4466,Offline,2.0,68572,3163_4466
3168,9258,Online,2.0,26236,3168_9258
3171,6869,Online,9.0,91387,3171_6869
3178,3135,Offline,4.0,1249,3178_3135
3180,2948,Offline,5.0,80325,3180_2948
3198,5582,Offline,5.0,65499,3198_5582
3216,5359,Online,6.0,41918,3216_5359
3220,1783,Offline,2.0,34390,3220_1783
3222,8417,Offline,NaN,53769,3222_8417
3229,3856,Online,8.0,84727,3229_3856
3241,8963,Online,NaN,91452,3241_8963
3248,7220,Offline,10.0,35998,3248_7220
3252,7759,Offline,10.0,608,3252_7759
3267,9640,Offline,8.0,65079,3267_9640
3273,4607,Offline,NaN,79761,3273_4607
3276,9124,Online,6.0,59159,3276_9124
3285,5053,Offline,NaN,12057,3285_5053
3297,6237,Offline,2.0,8069,3297_6237
3298,2339,Offline,2.0,13189,3298_2339
3301,4085,Online,2.0,30144,3301_4085
3305,2776,Offline,3.0,54216,3305_2776
3312,5576,Offline,6.0,66740,3312_5576
3317,9464,Online,2.0,38369,3317_9464
3327,6937,Offline,NaN,73742,3327_6937
3331,702,Offline,NaN,51098,3331_702
3363,4796,Offline,8.0,73343,3363_4796
3375,3461,Offline,2.0,52852,3375_3461
3389,5070,Offline,6.0,79562,3389_5070
3399,889,Online,4.0,75901,3399_889
3418,9344,Online,2.0,9207,3418_9344
3422,3673,Offline,6.0,50954,3422_3673
3438,1675,Offline,NaN,38231,3438_1675
3447,7519,Online,3.0,10866,3447_7519
3467,2352,Offline,NaN,12436,3467_2352
3477,5115,Offline,9.0,61613,3477_5115
3489,6135,Online,8.0,57695,3489_6135
3494,7514,Offline,8.0,7893,3494_7514
3498,3190,Offline,4.0,872,3498_3190
3508,2637,Online,5.0,94773,3508_2637
3509,8738,Offline,NaN,77101,3509_8738
3511,7402,Offline,8.0,32434,3511_7402
3529,7977,Offline,9.0,75315,3529_7977
3554,6090,Online,2.0,50872,3554_6090
3560,6414,Online,6.0,87706,3560_6414
3562,5474,Offline,6.0,17886,3562_5474
3572,9018,Online,7.0,32255,3572_9018
3573,9578,Online,9.0,23241,3573_9578
3575,6049,Online,3.0,69033,3575_6049
3577,1878,Offline,9.0,76754,3577_1878
3579,7609,Online,10.0,74403,3579_7609
3584,2945,Offline,10.0,24681,3584_2945
3586,3241,Offline,3.0,39921,3586_3241
3587,2575,Online,6.0,82952,3587_2575
3608,7121,Offline,5.0,97391,3608_7121
3613,9366,Online,5.0,16350,3613_9366
3620,5856,Online,2.0,48492,3620_5856
3623,7460,Online,6.0,43101,3623_7460
3624,4342,Online,9.0,41643,3624_4342
3633,698,Offline,4.0,62401,3633_698
3648,4031,Offline,8.0,50393,3648_4031
3665,7969,Offline,8.0,3186,3665_7969
3667,7687,Online,NaN,59054,3667_7687
3670,6835,Online,4.0,68856,3670_6835
3679,9598,Offline,8.0,49796,3679_9598
3702,3974,Online,8.0,21463,3702_3974
3714,3557,Online,6.0,63714,3714_3557
3721,5724,Offline,4.0,86830,3721_5724
3752,2633,Offline,2.0,35359,3752_2633
3763,3616,Offline,3.0,25481,3763_3616
3778,7731,Online,9.0,17817,3778_7731
3784,2330,Online,6.0,17638,3784_2330
3803,3562,Online,2.0,36648,3803_3562
3810,153,Online,5.0,26310,3810_153
3822,6374,Offline,10.0,34863,3822_6374
3831,1203,Offline,NaN,24326,3831_1203
3850,7633,Offline,10.0,99147,3850_7633
3882,8326,Online,2.0,75033,3882_8326
3884,1858,Online,NaN,47600,3884_1858
3892,3309,Offline,7.0,49838,3892_3309
3906,8722,Online,9.0,31715,3906_8722
3907,1574,Online,2.0,99791,3907_1574
3915,6386,Offline,4.0,40597,3915_6386
3916,2995,Offline,2.0,59073,3916_2995
3924,5337,Offline,5.0,88499,3924_5337
3928,2134,Offline,5.0,43373,3928_2134
3945,9765,Online,10.0,47532,3945_9765
3946,7537,Offline,6.0,68615,3946_7537
3953,515,Online,5.0,46247,3953_515
3957,7465,Offline,5.0,63237,3957_7465
3962,5418,Offline,6.0,96327,3962_5418
3976,860,Online,5.0,14918,3976_860
3980,3370,Online,2.0,35787,3980_3370
4018,9672,Online,6.0,29035,4018_9672
4059,9649,Online,8.0,45941,4059_9649
4085,5242,Offline,6.0,8595,4085_5242
4092,2569,Offline,NaN,11018,4092_2569
4096,1623,Offline,8.0,1676,4096_1623
4103,1609,Online,NaN,68669,4103_1609
4106,4982,Online,7.0,79481,4106_4982
4119,6171,Offline,3.0,63061,4119_6171
4151,7463,Online,7.0,74239,4151_7463
4199,1927,Offline,8.0,67045,4199_1927
4204,4348,Offline,2.0,2050,4204_4348
4211,8638,Online,8.0,98286,4211_8638
4212,6512,Online,10.0,52045,4212_6512
4231,6766,Offline,7.0,43472,4231_6766
4244,3246,Offline,NaN,78637,4244_3246
4255,4807,Online,6.0,83610,4255_4807
4259,9619,Online,5.0,70390,4259_9619
4272,8423,Offline,2.0,29345,4272_8423
4284,1253,Online,4.0,44563,4284_1253
4297,4374,Online,2.0,4142,4297_4374
4298,4541,Offline,2.0,5206,4298_4541
4301,5270,Offline,2.0,18369,4301_5270
4317,7871,Online,NaN,94805,4317_7871
4342,6527,Offline,NaN,69731,4342_6527
4345,5504,Offline,5.0,96597,4345_5504
4348,2527,Online,4.0,41035,4348_2527
4368,9610,Offline,10.0,56766,4368_9610
4398,8186,Online,2.0,60117,4398_8186
4400,9804,Online,6.0,86110,4400_9804
4401,7464,Online,2.0,42690,4401_7464
4402,3037,Online,NaN,48934,4402_3037
4405,5897,Online,NaN,71105,4405_5897
4406,2657,Online,4.0,45122,4406_2657
4417,4894,Online,9.0,31598,4417_4894
4425,2177,Online,4.0,36152,4425_2177
4429,7738,Online,6.0,25001,4429_7738
4434,2825,Online,NaN,78681,4434_2825
4442,2301,Offline,9.0,34748,4442_2301
4444,4646,Online,8.0,35480,4444_4646
4454,5703,Online,8.0,50582,4454_5703
4464,2354,Online,NaN,53584,4464_2354
4469,5746,Online,7.0,87680,4469_5746
4492,684,Online,4.0,10964,4492_684
4501,398,Online,2.0,80875,4501_398
4513,9264,Online,NaN,92513,4513_9264
4519,6067,Online,10.0,59244,4519_6067
4521,7932,Offline,10.0,33652,4521_7932
4524,7488,Online,3.0,60178,4524_7488
4545,6519,Offline,NaN,99327,4545_6519
4549,3849,Offline,5.0,89949,4549_3849
4573,2077,Online,4.0,4775,4573_2077
4581,2791,Online,6.0,3962,4581_2791
4583,7326,Offline,3.0,29420,4583_7326
4586,4989,Offline,8.0,47185,4586_4989
4593,5919,Offline,10.0,39712,4593_5919
4599,2651,Offline,8.0,20417,4599_2651
4623,8250,Online,9.0,75228,4623_8250
4629,6774,Online,2.0,46997,4629_6774
4682,8019,Offline,4.0,6887,4682_8019
4710,421,Offline,7.0,50450,4710_421
4719,4599,Online,NaN,63497,4719_4599
4722,262,Online,7.0,34127,4722_262
4723,6078,Offline,4.0,96783,4723_6078
4724,8037,Offline,7.0,59889,4724_8037
4725,5732,Offline,2.0,46083,4725_5732
4730,800,Online,5.0,15008,4730_800
4740,7974,Online,6.0,94052,4740_7974
4747,2764,Online,10.0,25190,4747_2764
4754,1887,Online,7.0,7528,4754_1887
4755,8236,Online,10.0,5622,4755_8236
4762,8682,Online,7.0,46536,4762_8682
4787,7034,Online,8.0,22037,4787_7034
4796,8007,Offline,9.0,35894,4796_8007
4817,7202,Online,7.0,6733,4817_7202
4825,3341,Online,9.0,77564,4825_3341
4828,8824,Offline,8.0,38349,4828_8824
4838,3768,Offline,8.0,30288,4838_3768
4885,5982,Offline,7.0,72261,4885_5982
4902,3773,Online,4.0,25911,4902_3773
4929,9599,Online,7.0,27813,4929_9599
4940,8855,Online,NaN,94835,4940_8855
4944,3505,Online,5.0,50051,4944_3505
4950,9949,Offline,9.0,88907,4950_9949
4953,3021,Offline,5.0,98354,4953_3021
4960,7498,Offline,8.0,82123,4960_7498
4987,7485,Online,6.0,61546,4987_7485
4994,8164,Online,10.0,64040,4994_8164
5006,5501,Offline,NaN,55481,5006_5501
5012,8424,Online,10.0,43263,5012_8424
5014,316,Online,4.0,40114,5014_316
5021,939,Offline,NaN,71993,5021_939
5025,7841,Offline,10.0,49985,5025_7841
5033,6899,Online,6.0,48239,5033_6899
5040,9791,Offline,9.0,32201,5040_9791
5041,5730,Offline,5.0,41721,5041_5730
5052,6524,Online,10.0,60477,5052_6524
5070,8516,Offline,7.0,60426,5070_8516
5077,678,Offline,NaN,51244,5077_678
5090,8610,Offline,NaN,35612,5090_8610
5093,7046,Online,4.0,68902,5093_7046
5096,3536,Offline,NaN,86112,5096_3536
5098,971,Offline,3.0,80470,5098_971
5123,8493,Offline,3.0,93098,5123_8493
5125,577,Online,9.0,23424,5125_577
5155,3528,Online,2.0,65133,5155_3528
5159,7299,Offline,8.0,64399,5159_7299
5166,8212,Offline,5.0,50090,5166_8212
5189,3273,Online,NaN,95448,5189_3273
5204,545,Online,5.0,41426,5204_545
5209,4640,Online,3.0,84962,5209_4640
5220,6794,Offline,5.0,72562,5220_6794
5222,7930,Online,9.0,85489,5222_7930
5240,3510,Online,NaN,4452,5240_3510
5245,3795,Online,10.0,73071,5245_3795
5247,5218,Offline,8.0,51293,5247_5218
5251,3707,Online,7.0,58279,5251_3707
5256,3464,Offline,10.0,57668,5256_3464
5268,5826,Offline,3.0,95245,5268_5826
5300,8498,Offline,5.0,63544,5300_8498
5303,3700,Offline,10.0,16733,5303_3700
5308,3875,Online,4.0,70048,5308_3875
5313,9878,Online,5.0,10300,5313_9878
5333,7001,Online,9.0,74328,5333_7001
5354,1635,Online,3.0,61221,5354_1635
5359,3633,Offline,7.0,50934,5359_3633
5360,6833,Offline,3.0,85362,5360_6833
5379,1610,Offline,5.0,49247,5379_1610
5394,1719,Online,2.0,59350,5394_1719
5395,1252,Online,7.0,10659,5395_1252
5398,3879,Offline,3.0,53338,5398_3879
5399,9967,Offline,7.0,87662,5399_9967
5408,9330,Online,7.0,2769,5408_9330
5425,9971,Offline,3.0,94393,5425_9971
5432,7137,Offline,4.0,36419,5432_7137
5441,9242,Offline,6.0,43893,5441_9242
5442,7019,Online,9.0,55956,5442_7019
5445,2432,Online,2.0,18024,5445_2432
5447,7728,Online,6.0,51840,5447_7728
5451,476,Offline,9.0,59556,5451_476
5461,7835,Online,8.0,27138,5461_7835
5469,7097,Online,4.0,57239,5469_7097
5498,6069,Offline,4.0,61271,5498_6069
5500,448,Offline,7.0,7317,5500_448
5508,7722,Offline,5.0,27882,5508_7722
5519,9779,Offline,3.0,88751,5519_9779
5525,5559,Online,4.0,31390,5525_5559
5533,2477,Offline,2.0,28039,5533_2477
5547,8788,Online,6.0,96427,5547_8788
5551,7892,Offline,10.0,60162,5551_7892
5559,2368,Offline,8.0,66604,5559_2368
5567,4804,Online,2.0,96404,5567_4804
5570,6159,Offline,5.0,57426,5570_6159
5571,1138,Online,9.0,73311,5571_1138
5572,478,Offline,8.0,9411,5572_478
5588,8429,Offline,6.0,5134,5588_8429
5589,7208,Offline,7.0,73422,5589_7208
5594,3091,Online,4.0,96051,5594_3091
5609,7478,Online,2.0,40825,5609_7478
5626,2868,Online,8.0,43368,5626_2868
5630,6636,Online,4.0,68829,5630_6636
5631,2735,Online,7.0,86024,5631_2735
5634,4543,Offline,10.0,52635,5634_4543
5640,4548,Online,NaN,99988,5640_4548
5643,8755,Offline,5.0,26511,5643_8755
5662,3463,Online,10.0,94747,5662_3463
5675,5747,Online,9.0,62159,5675_5747
5678,630,Online,NaN,84373,5678_630
5684,4128,Online,10.0,92441,5684_4128
5712,9140,Offline,9.0,77890,5712_9140
5727,6639,Online,2.0,16794,5727_6639
5733,7418,Offline,2.0,91626,5733_7418
5736,5447,Online,NaN,61233,5736_5447
5738,8034,Offline,4.0,88620,5738_8034
5758,3535,Online,5.0,35615,5758_3535
5765,419,Online,10.0,3907,5765_419
5778,7775,Offline,3.0,68857,5778_7775
5821,2508,Online,NaN,95284,5821_2508
5827,6097,Offline,3.0,14458,5827_6097
5830,5859,Online,6.0,2940,5830_5859
5858,9409,Offline,3.0,82143,5858_9409
5880,7223,Offline,9.0,78117,5880_7223
5884,7077,Online,2.0,78657,5884_7077
5886,7385,Offline,NaN,54039,5886_7385
5887,3064,Online,3.0,93550,5887_3064
5903,1329,Online,8.0,60304,5903_1329
5904,5850,Online,NaN,25959,5904_5850
5914,4801,Online,5.0,12250,5914_4801
5920,1841,Offline,7.0,5332,5920_1841
5937,8698,Offline,10.0,95670,5937_8698
5938,8727,Offline,5.0,50962,5938_8727
5950,8391,Offline,7.0,70675,5950_8391
5958,8486,Online,5.0,17915,5958_8486
5998,6786,Offline,3.0,38409,5998_6786
6002,6453,Offline,5.0,90616,6002_6453
6004,5960,Online,3.0,87122,6004_5960
6012,1586,Offline,7.0,78696,6012_1586
6027,356,Online,2.0,18077,6027_356
6028,2805,Online,6.0,65057,6028_2805
6037,8573,Offline,NaN,20561,6037_8573
6039,370,Online,10.0,19266,6039_370
6051,607,Offline,6.0,82248,6051_607
6059,1607,Online,7.0,50323,6059_1607
6060,3304,Offline,10.0,8320,6060_3304
6064,6011,Online,10.0,28122,6064_6011
6069,5681,Online,NaN,43755,6069_5681
6075,7225,Online,6.0,77556,6075_7225
6079,436,Offline,6.0,64793,6079_436
6091,3033,Online,8.0,69185,6091_3033
6100,9523,Offline,5.0,14034,6100_9523
6124,2154,Offline,3.0,3447,6124_2154
6150,7067,Offline,7.0,97657,6150_7067
6155,7887,Offline,10.0,61852,6155_7887
6159,8086,Online,8.0,95102,6159_8086
6188,498,Offline,9.0,59463,6188_498
6211,7833,Online,2.0,87570,6211_7833
6214,5041,Online,2.0,24895,6214_5041
6217,1758,Online,3.0,93258,6217_1758
6231,3012,Online,10.0,83977,6231_3012
6236,3934,Offline,NaN,43686,6236_3934
6237,7996,Online,5.0,49021,6237_7996
6243,7398,Online,5.0,13740,6243_7398
6244,7856,Offline,NaN,96267,6244_7856
6267,6916,Offline,8.0,47556,6267_6916
6277,5648,Online,10.0,50485,6277_5648
6290,9371,Online,NaN,35400,6290_9371
6293,197,Offline,3.0,35043,6293_197
6295,395,Offline,6.0,38006,6295_395
6298,6925,Online,NaN,77826,6298_6925
6299,2607,Offline,3.0,86092,6299_2607
6302,1750,Online,2.0,56847,6302_1750
6305,9072,Offline,9.0,37767,6305_9072
6307,872,Online,2.0,14188,6307_872
6315,1368,Online,10.0,91681,6315_1368
6324,960,Online,5.0,5282,6324_960
6343,4636,Offline,10.0,18241,6343_4636
6356,8685,Offline,9.0,2590,6356_8685
6367,9416,Online,8.0,89905,6367_9416
6373,9522,Offline,4.0,28446,6373_9522
6376,8989,Offline,10.0,17649,6376_8989
6391,6491,Online,NaN,91471,6391_6491
6406,5064,Online,NaN,11253,6406_5064
6410,4491,Online,NaN,66996,6410_4491
6422,6068,Online,6.0,8077,6422_6068
6436,681,Online,10.0,59583,6436_681
6445,4662,Online,4.0,80517,6445_4662
6449,8205,Offline,6.0,91123,6449_8205
6457,6549,Offline,8.0,93920,6457_6549
6471,3404,Online,3.0,61718,6471_3404
6472,2649,Offline,7.0,71133,6472_2649
6484,6722,Online,6.0,23548,6484_6722
6503,8448,Online,5.0,15518,6503_8448
6514,4398,Offline,2.0,63979,6514_4398
6516,3594,Online,2.0,79341,6516_3594
6519,8590,Offline,5.0,88672,6519_8590
6529,4308,Online,4.0,25744,6529_4308
6534,7076,Online,8.0,49037,6534_7076
6563,6731,Online,5.0,35183,6563_6731
6574,327,Offline,8.0,85822,6574_327
6575,6771,Online,9.0,78339,6575_6771
6578,5574,Offline,4.0,67163,6578_5574
6594,427,Online,7.0,37845,6594_427
6603,5048,Online,8.0,46494,6603_5048
6607,9842,Online,9.0,7469,6607_9842
6622,6739,Offline,8.0,22557,6622_6739
6627,2781,Online,5.0,90815,6627_2781
6628,3791,Offline,6.0,9183,6628_3791
6638,4119,Offline,5.0,33566,6638_4119
6647,7895,Online,8.0,89599,6647_7895
6654,4097,Offline,9.0,92327,6654_4097
6674,9262,Offline,6.0,74382,6674_9262
6677,6344,Online,2.0,85512,6677_6344
6679,8717,Offline,7.0,96303,6679_8717
6681,1107,Offline,7.0,83191,6681_1107
6685,7686,Offline,9.0,93784,6685_7686
6704,1447,Online,9.0,48470,6704_1447
6731,9780,Offline,3.0,50410,6731_9780
6739,1153,Offline,5.0,92695,6739_1153
6742,2616,Online,7.0,22570,6742_2616
6751,901,Offline,8.0,70704,6751_901
6755,3167,Online,NaN,87955,6755_3167
6762,2943,Offline,2.0,50642,6762_2943
6766,7311,Offline,2.0,13297,6766_7311
6775,8703,Offline,2.0,90665,6775_8703
6779,3560,Offline,NaN,85455,6779_3560
6785,9566,Online,6.0,18190,6785_9566
6803,8276,Offline,7.0,7684,6803_8276
6817,2974,Offline,3.0,42113,6817_2974
6828,9411,Offline,10.0,67904,6828_9411
6853,9427,Online,7.0,24356,6853_9427
6856,4283,Offline,8.0,62107,6856_4283
6870,2543,Offline,4.0,9273,6870_2543
6898,7086,Online,4.0,47969,6898_7086
6899,149,Online,3.0,36041,6899_149
6912,1351,Online,3.0,35683,6912_1351
6913,2666,Offline,4.0,75840,6913_2666
6939,5509,Offline,7.0,25469,6939_5509
6999,9219,Offline,NaN,11993,6999_9219
7000,8330,Offline,4.0,54220,7000_8330
7002,8369,Online,8.0,71829,7002_8369
7021,7183,Offline,9.0,31773,7021_7183
7030,7482,Online,NaN,36301,7030_7482
7034,1868,Online,10.0,68411,7034_1868
7049,4272,Online,2.0,23929,7049_4272
7067,1001,Offline,5.0,31896,7067_1001
7069,4484,Offline,4.0,40557,7069_4484
7083,4351,Offline,7.0,64799,7083_4351
7101,7645,Offline,8.0,33812,7101_7645
7103,4458,Offline,NaN,89351,7103_4458
7110,1602,Offline,3.0,63211,7110_1602
7112,2515,Offline,8.0,69182,7112_2515
7115,9809,Offline,6.0,84985,7115_9809
7133,9767,Online,7.0,27633,7133_9767
7151,7839,Online,NaN,31583,7151_7839
7154,4316,Online,6.0,51981,7154_4316
7155,9286,Offline,5.0,25807,7155_9286
7159,6676,Online,2.0,88748,7159_6676
7168,4279,Online,3.0,48521,7168_4279
7170,6827,Online,4.0,42737,7170_6827
7177,4562,Online,6.0,19022,7177_4562
7199,4045,Offline,5.0,7961,7199_4045
7204,843,Offline,7.0,77305,7204_843
7216,564,Offline,7.0,23192,7216_564
7238,3726,Offline,4.0,90777,7238_3726
7253,3737,Offline,6.0,43989,7253_3737
7256,4616,Online,10.0,43213,7256_4616
7261,2586,Online,8.0,30873,7261_2586
7268,8132,Online,2.0,99248,7268_8132
7270,2045,Online,6.0,56492,7270_2045
7287,6796,Online,6.0,6451,7287_6796
7296,1714,Offline,NaN,31295,7296_1714
7297,8572,Offline,7.0,48469,7297_8572
7313,4441,Offline,6.0,41539,7313_4441
7327,1032,Online,9.0,24855,7327_1032
7328,7544,Offline,4.0,11114,7328_7544
7331,5202,Online,10.0,12341,7331_5202
7339,5758,Offline,5.0,18681,7339_5758
7345,2083,Offline,NaN,84035,7345_2083
7364,5274,Online,9.0,2918,7364_5274
7368,5676,Online,2.0,86461,7368_5676
7370,7886,Online,3.0,63522,7370_7886
7373,5770,Online,4.0,29461,7373_5770
7374,5074,Offline,9.0,9115,7374_5074
7379,563,Offline,8.0,75075,7379_563
7380,3386,Offline,8.0,20012,7380_3386
7382,276,Online,7.0,96292,7382_276
7387,5688,Offline,2.0,76978,7387_5688
7409,4593,Offline,6.0,22524,7409_4593
7428,2723,Offline,2.0,30338,7428_2723
7432,9098,Offline,4.0,14420,7432_9098
7445,266,Offline,7.0,53280,7445_266
7456,4492,Online,4.0,49795,7456_4492
7458,2946,Offline,6.0,11657,7458_2946
7472,9472,Online,10.0,82412,7472_9472
7489,1637,Online,4.0,43125,7489_1637
7490,5820,Online,NaN,3815,7490_5820
7491,122,Offline,NaN,70685,7491_122
7503,8800,Offline,7.0,34186,7503_8800
7504,4912,Online,4.0,57468,7504_4912
7505,3156,Offline,9.0,63384,7505_3156
7528,6465,Online,9.0,19643,7528_6465
7530,2102,Offline,NaN,86045,7530_2102
7547,9226,Online,6.0,94667,7547_9226
7554,1392,Offline,NaN,7246,7554_1392
7563,1046,Offline,3.0,6207,7563_1046
7572,4614,Online,2.0,1312,7572_4614
7588,1285,Online,4.0,68545,7588_1285
7602,1076,Online,NaN,61493,7602_1076
7625,5970,Offline,10.0,11274,7625_5970
7631,6700,Online,NaN,52343,7631_6700
7635,7656,Offline,5.0,63780,7635_7656
7636,9721,Offline,9.0,22616,7636_9721
7640,8088,Online,10.0,45492,7640_8088
7657,7461,Offline,2.0,45974,7657_7461
7659,6305,Offline,NaN,74237,7659_6305
7662,2925,Offline,2.0,33337,7662_2925
7675,2848,Offline,8.0,40222,7675_2848
7682,6660,Online,3.0,83874,7682_6660
7685,5014,Online,NaN,62546,7685_5014
7691,2223,Offline,3.0,86090,7691_2223
7699,1702,Online,7.0,80567,7699_1702
7700,134,Online,NaN,35040,7700_134
7722,1840,Online,8.0,27967,7722_1840
7742,5768,Offline,3.0,62708,7742_5768
7746,9757,Online,8.0,68573,7746_9757
7764,8419,Offline,10.0,19051,7764_8419
7790,3776,Online,NaN,62542,7790_3776
7795,7397,Online,5.0,8852,7795_7397
7798,8010,Offline,NaN,72123,7798_8010
7801,8232,Online,4.0,37809,7801_8232
7830,9652,Offline,10.0,91548,7830_9652
7834,9418,Online,6.0,61416,7834_9418
7835,1142,Offline,10.0,18370,7835_1142
7839,572,Online,10.0,23599,7839_572
7842,454,Offline,9.0,56277,7842_454
7848,8829,Online,8.0,40231,7848_8829
7861,5020,Offline,2.0,7052,7861_5020
7865,2591,Online,NaN,2550,7865_2591
7875,534,Offline,3.0,50680,7875_534
7881,9203,Offline,6.0,63649,7881_9203
7885,8459,Online,3.0,57880,7885_8459
7886,7592,Online,10.0,64249,7886_7592
7889,2845,Online,NaN,96720,7889_2845
7901,3107,Offline,3.0,82753,7901_3107
7912,9511,Offline,9.0,81450,7912_9511
7924,6726,Offline,5.0,25739,7924_6726
7928,2951,Online,2.0,48282,7928_2951
7934,4845,Online,8.0,96489,7934_4845
7942,7926,Online,4.0,85109,7942_7926
7947,8791,Online,10.0,94883,7947_8791
7962,7237,Offline,9.0,55442,7962_7237
7965,2485,Offline,NaN,98701,7965_2485
7975,4853,Online,2.0,62315,7975_4853
7979,8712,Online,4.0,97715,7979_8712
7988,7900,Offline,9.0,90918,7988_7900
7999,5108,Offline,NaN,66606,7999_5108
8007,2414,Online,10.0,42784,8007_2414
8014,3696,Offline,9.0,28582,8014_3696
8028,328,Online,2.0,29574,8028_328
8029,3120,Online,NaN,99637,8029_3120
8059,4162,Offline,4.0,56242,8059_4162
8063,3079,Offline,7.0,25322,8063_3079
8070,8140,Offline,2.0,1119,8070_8140
8077,8566,Online,5.0,26209,8077_8566
8080,760,Online,9.0,65560,8080_760
8087,9708,Online,3.0,29927,8087_9708
8090,1871,Offline,NaN,14256,8090_1871
8091,1628,Offline,4.0,44740,8091_1628
8105,5361,Offline,7.0,38603,8105_5361
8108,1816,Offline,5.0,28130,8108_1816
8179,8006,Online,10.0,33839,8179_8006
8190,2401,Online,2.0,38513,8190_2401
8201,6826,Online,3.0,20725,8201_6826
8202,7427,Offline,7.0,45691,8202_7427
8209,4438,Offline,6.0,36091,8209_4438
8220,734,Online,NaN,33715,8220_734
8229,2785,Offline,7.0,53756,8229_2785
8242,2810,Online,9.0,11564,8242_2810
8261,7567,Offline,8.0,71749,8261_7567
8262,5315,Offline,NaN,27620,8262_5315
8270,8378,Online,4.0,10189,8270_8378
8271,2557,Online,2.0,26085,8271_2557
8280,3710,Offline,2.0,40273,8280_3710
8302,1910,Online,2.0,55009,8302_1910
8303,380,Offline,4.0,98135,8303_380
8311,5035,Offline,NaN,53430,8311_5035
8317,8706,Online,4.0,51190,8317_8706
8375,3082,Offline,4.0,24709,8375_3082
8400,9874,Online,4.0,54350,8400_9874
8405,7772,Offline,9.0,44978,8405_7772
8412,9291,Offline,10.0,16399,8412_9291
8413,1175,Online,4.0,64192,8413_1175
8414,371,Online,7.0,64283,8414_371
8416,7585,Offline,9.0,30264,8416_7585
8427,507,Offline,NaN,17527,8427_507
8428,6433,Offline,7.0,23967,8428_6433
8444,6048,Online,9.0,31433,8444_6048
8464,2195,Offline,3.0,60042,8464_2195
8466,7195,Online,10.0,35944,8466_7195
8470,6502,Online,4.0,57361,8470_6502
8474,9990,Offline,2.0,65863,8474_9990
8484,5973,Online,7.0,81353,8484_5973
8487,9690,Offline,NaN,9000,8487_9690
8509,6145,Offline,5.0,84956,8509_6145
8512,5807,Offline,8.0,58745,8512_5807
8529,2582,Online,3.0,38724,8529_2582
8531,1058,Offline,3.0,53760,8531_1058
8549,4195,Online,9.0,84409,8549_4195
8551,1349,Online,10.0,36102,8551_1349
8553,8377,Offline,9.0,60285,8553_8377
8593,9385,Offline,NaN,36560,8593_9385
8594,2981,Online,3.0,8594,8594_2981
8596,8514,Online,9.0,91939,8596_8514
8603,3843,Online,7.0,59896,8603_3843
8621,2199,Online,10.0,98967,8621_2199
8625,9419,Online,2.0,27718,8625_9419
8627,2792,Online,7.0,92099,8627_2792
8630,2699,Offline,NaN,3836,8630_2699
8634,9207,Online,9.0,38524,8634_9207
8644,1236,Online,6.0,72201,8644_1236
8690,2096,Offline,7.0,94887,8690_2096
8694,4019,Online,9.0,58250,8694_4019
8712,7082,Online,NaN,60964,8712_7082
8717,3220,Offline,NaN,92568,8717_3220
8720,6398,Offline,4.0,96867,8720_6398
8731,6397,Online,7.0,65956,8731_6397
8749,5468,Offline,4.0,36267,8749_5468
8752,5908,Online,8.0,67894,8752_5908
8755,3069,Online,NaN,32419,8755_3069
8785,8304,Offline,6.0,50973,8785_8304
8797,9215,Online,9.0,20869,8797_9215
8804,4035,Offline,6.0,30254,8804_4035
8805,6852,Offline,2.0,25204,8805_6852
8817,5611,Online,7.0,23733,8817_5611
8823,2818,Offline,NaN,96548,8823_2818
8836,3981,Online,8.0,81530,8836_3981
8845,1807,Offline,NaN,49623,8845_1807
8849,2423,Online,7.0,20058,8849_2423
8854,8469,Offline,NaN,54542,8854_8469
8860,9179,Online,2.0,90802,8860_9179
8870,6183,Online,8.0,27778,8870_6183
8878,961,Offline,4.0,69646,8878_961
8900,445,Offline,10.0,46230,8900_445
8917,5086,Offline,2.0,43933,8917_5086
8922,5835,Online,NaN,10015,8922_5835
8940,8996,Offline,3.0,12405,8940_8996
8969,3948,Online,NaN,57733,8969_3948
8971,2691,Offline,3.0,65417,8971_2691
8986,5759,Offline,NaN,23611,8986_5759
8999,9421,Offline,NaN,20204,8999_9421
9006,6820,Offline,2.0,62463,9006_6820
9055,6394,Offline,3.0,48150,9055_6394
9058,2804,Online,6.0,39887,9058_2804
9068,6655,Offline,10.0,68878,9068_6655
9101,7431,Offline,7.0,79853,9101_7431
9104,8906,Online,7.0,37613,9104_8906
9114,2322,Offline,NaN,61770,9114_2322
9166,3542,Online,2.0,61294,9166_3542
9179,8753,Online,6.0,11878,9179_8753
9190,2496,Online,7.0,63652,9190_2496
9207,3013,Offline,10.0,91960,9207_3013
9216,3947,Offline,4.0,54827,9216_3947
9217,5787,Online,NaN,88301,9217_5787
9218,6030,Online,5.0,83589,9218_6030
9226,765,Offline,2.0,88482,9226_765
9237,4755,Online,6.0,99359,9237_4755
9247,6379,Online,3.0,12324,9247_6379
9256,1144,Online,10.0,99487,9256_1144
9262,679,Online,4.0,66347,9262_679
9273,5668,Online,5.0,60359,9273_5668
9277,7960,Online,8.0,36069,9277_7960
9279,5131,Offline,9.0,58035,9279_5131
9286,210,Online,9.0,30346,9286_210
9290,5733,Offline,NaN,1178,9290_5733
9300,9178,Offline,9.0,12778,9300_9178
9311,5328,Offline,5.0,13422,9311_5328
9315,7318,Online,NaN,86062,9315_7318
9319,7440,Offline,3.0,32234,9319_7440
9325,1690,Online,NaN,40402,9325_1690
9352,6564,Online,NaN,77607,9352_6564
9359,3507,Offline,3.0,60163,9359_3507
9362,9909,Online,3.0,61801,9362_9909
9364,6251,Offline,7.0,90349,9364_6251
9369,4326,Online,2.0,86242,9369_4326
9384,6868,Offline,7.0,44701,9384_6868
9407,8652,Offline,NaN,5713,9407_8652
9425,9257,Online,6.0,65107,9425_9257
9444,862,Offline,NaN,63750,9444_862
9454,5657,Online,3.0,92034,9454_5657
9456,6456,Online,8.0,52143,9456_6456
9464,3601,Offline,8.0,44827,9464_3601
9487,6737,Offline,7.0,52641,9487_6737
9494,2328,Online,6.0,56171,9494_2328
9503,8826,Offline,5.0,82827,9503_8826
9507,1899,Online,NaN,98988,9507_1899
9509,2241,Online,4.0,38043,9509_2241
9511,870,Online,4.0,88847,9511_870
9522,5019,Offline,4.0,52531,9522_5019
9523,8551,Online,7.0,18645,9523_8551
9537,9025,Offline,6.0,5344,9537_9025
9560,375,Online,10.0,76300,9560_375
9564,5983,Online,3.0,96975,9564_5983
9576,2578,Online,7.0,81980,9576_2578
9580,3661,Online,NaN,714,9580_3661
9633,4428,Offline,3.0,12782,9633_4428
9646,2931,Offline,10.0,81305,9646_2931
9653,3363,Online,10.0,46657,9653_3363
9656,1250,Online,5.0,92603,9656_1250
9660,1480,Online,8.0,51154,9660_1480
9664,6949,Online,NaN,28923,9664_6949
9677,2015,Online,8.0,63056,9677_2015
9689,2149,Online,4.0,70169,9689_2149
9710,6717,Offline,8.0,19762,9710_6717
9718,2915,Online,2.0,2554,9718_2915
9723,5558,Offline,9.0,16384,9723_5558
9732,1251,Online,NaN,5643,9732_1251
9737,4299,Offline,8.0,83248,9737_4299
9738,3231,Online,7.0,7879,9738_3231
9747,8476,Online,2.0,27990,9747_8476
9765,5958,Offline,3.0,37456,9765_5958
9767,583,Online,5.0,75094,9767_583
9788,300,Offline,4.0,48735,9788_300
9802,2064,Online,8.0,63611,9802_2064
9837,4719,Offline,2.0,44315,9837_4719
9857,6328,Offline,5.0,58728,9857_6328
9884,6506,Offline,8.0,69777,9884_6506
9899,5017,Offline,2.0,41845,9899_5017
9901,298,Online,3.0,85516,9901_298
9903,2758,Offline,8.0,92420,9903_2758
9913,581,Online,6.0,71193,9913_581
9923,7416,Online,9.0,3765,9923_7416
9924,5893,Online,NaN,89708,9924_5893
9929,8147,Offline,NaN,62564,9929_8147
9931,4118,Online,NaN,90982,9931_4118
9944,7213,Online,2.0,85477,9944_7213
9948,8801,Online,6.0,11635,9948_8801
9952,4386,Online,NaN,4848,9952_4386
9953,2888,Online,9.0,23970,9953_2888
9965,665,Online,3.0,24805,9965_665
9967,101,Online,6.0,68765,9967_101
9971,6513,Offline,10.0,49824,9971_6513
9972,4983,Offline,4.0,16036,9972_4983
9985,2478,Online,6.0,97500,9985_2478
9993,2178,Offline,10.0,5894,9993_2178
